Workbook

Sheet F-GFI-2
A1: #VALUE! | G1: GESTIÓN FINANCIERA | AD1: Código: FO-GFI-02
G2: RELACIÓN DE FACTURAS ENTREGADAS | AD2: Versión: 2
AD3: Fecha: 29-Ago-24
B5: CONCEPTO | P5: PROGRAMACIÓN PAGO | AC5: INTERNET | AJ5: X
A7: Fecha de Factura | F7: Numero Factura | L7: Proveedor | U7: Valor | Z7: Fecha Recibido | AE7: Firma Quien Entrega | AJ7: Firma Quien Recibe
A8: =IF(info!A2 = 0, "", info!A2) | F8: =IF(info!F2 = 0, "", info!F2) | K8: =IF(info!K2 = 0, "", info!K2) | L8: =IF(info!L2 = 0, "", info!L2) | U8: =IF(info!U2 = 0, "", info!U2)
A9: =IF(info!A3 = 0, "", info!A3) | F9: =IF(info!F3 = 0, "", info!F3) | L9: =IF(info!L3 = 0, "", info!L3) | U9: =IF(info!U3 = 0, "", info!U3)
A10: =IF(info!A4 = 0, "", info!A4) | F10: =IF(info!F4 = 0, "", info!F4) | L10: =IF(info!L4 = 0, "", info!L4) | U10: =IF(info!U4 = 0, "", info!U4)
A11: =IF(info!A5 = 0, "", info!A5) | F11: =IF(info!F5 = 0, "", info!F5) | L11: =IF(info!L5 = 0, "", info!L5) | U11: =IF(info!U5 = 0, "", info!U5)
A12: =IF(info!A6 = 0, "", info!A6) | F12: =IF(info!F6 = 0, "", info!F6) | L12: =IF(info!L6 = 0, "", info!L6) | U12: =IF(info!U6 = 0, "", info!U6)
A13: =IF(info!A7 = 0, "", info!A7) | F13: =IF(info!F7 = 0, "", info!F7) | L13: =IF(info!L7 = 0, "", info!L7) | U13: =IF(info!U7 = 0, "", info!U7)
A14: =IF(info!A8 = 0, "", info!A8) | F14: =IF(info!F8 = 0, "", info!F8) | L14: =IF(info!L8 = 0, "", info!L8) | U14: =IF(info!U8 = 0, "", info!U8)
A15: =IF(info!A9 = 0, "", info!A9) | F15: =IF(info!F9 = 0, "", info!F9) | L15: =IF(info!L9 = 0, "", info!L9) | U15: =IF(info!U9 = 0, "", info!U9)
A16: =IF(info!A10 = 0, "", info!A10) | F16: =IF(info!F10 = 0, "", info!F10) | L16: =IF(info!L10 = 0, "", info!L10) | U16: =IF(info!U10 = 0, "", info!U10)
A17: =IF(info!A11 = 0, "", info!A11) | F17: =IF(info!F11 = 0, "", info!F11) | L17: =IF(info!L11 = 0, "", info!L11) | U17: =IF(info!U11 = 0, "", info!U11)
A18: =IF(info!A12 = 0, "", info!A12) | F18: =IF(info!F12 = 0, "", info!F12) | L18: =IF(info!L12 = 0, "", info!L12) | U18: =IF(info!U12 = 0, "", info!U12)
A19: =IF(info!A13 = 0, "", info!A13) | F19: =IF(info!F13 = 0, "", info!F13) | L19: =IF(info!L13 = 0, "", info!L13) | U19: =IF(info!U13 = 0, "", info!U13)
A20: =IF(info!A14 = 0, "", info!A14) | F20: =IF(info!F14 = 0, "", info!F14) | L20: =IF(info!L14 = 0, "", info!L14) | U20: =IF(info!U14 = 0, "", info!U14)
... A79: =IF(info!A73 = 0, "", info!A73) | F79: =IF(info!F73 = 0, "", info!F73) | L79: =IF(info!L73 = 0, "", info!L73) | U79: =IF(info!U73 = 0, "", info!U73)

Sheet info
A1: Fecha de Factura | F1: Numero Factura | L1: Proveedor | U1: Valor | Z1: Fecha Recibido | AE1: Firma Quien Entrega | AJ1: Firma Quien Recibe
A2: 46023 | F2: 580831421034 | L2: Colombia Telecomunicaciones, 001, CARGOS ADMINISTRATIVOS | U2: 15917044 | Z2: 46058

Sheet Control de Cambios
A1: CONTROL DE CAMBIOS
A2: Versión | B2: Fecha de Actualización | C2: Descripción del Cambio
A3: 00 | B3: 43249 | C3: Emisión del formato.
